SampleID,Chromosome,Start,End,kb,# of SNP,Group
311254,4,51817441,52745501,928.061,119,Case
309614,4,51817441,52846137,1028.697,131,Case
297188,4,51817441,52873505,1056.065,137,Case
143073,4,51817441,52926311,1108.871,143,Case
245074,4,51817441,53003498,1186.058,151,Case
287869,4,51817441,53003498,1186.058,151,Case
291799,4,51817441,53006507,1189.067,153,Case
351193,4,51817441,53006507,1189.067,153,Case
146193,4,51817441,53793388,1975.948,272,Case
324200,4,51817441,53817855,2000.415,277,Case
183492,4,51817441,54101542,2284.102,321,Case
124718,4,51817441,54312942,2495.502,359,Case
254967,4,51817441,54583449,2766.009,418,Case
111929,4,51817441,54744682,2927.242,464,Case
151727,4,51817441,54758192,2940.752,468,Case
224758,4,51817441,54842249,3024.809,487,Case
145907,4,51817441,54950315,3132.875,513,Case
250567,4,51817441,54959211,3141.771,515,Case
339883,4,51817441,55020392,3202.952,528,Case
247811,4,51817441,55080504,3263.064,537,Case
80736,4,51817441,55115364,3297.924,562,Case
107450,4,51817441,55119648,3302.208,564,Case
171330,4,51817441,55768468,3951.028,677,Case
111937,4,51817441,56116075,4298.635,754,Case
126074,4,51817441,56188396,4370.956,775,Case
130683,4,51817441,56240029,4422.589,787,Case
327171,4,51817441,56296453,4479.013,806,Case
292081,4,51817441,56301114,4483.674,808,Case
289340,4,51817441,56641270,4823.83,880,Case
239050,4,51817441,56670154,4852.714,889,Case
97194,4,51817441,56681900,4864.46,890,Case
219735,4,51817441,56821191,5003.751,927,Case
319009,4,51817441,56841303,5023.863,934,Case
97177,4,51817441,57163034,5345.594,1017,Case
258771,4,51817441,57273907,5456.467,1048,Case
148316,4,51817441,57397700,5580.26,1078,Case
153498,4,51817441,60341335,8523.895,1555,Case
155188,4,51817441,60342766,8525.326,1556,Case
300730,4,51817441,60606957,8789.517,1604,Case
219039,4,51817441,61109815,9292.375,1716,Case
400018,4,51817441,61186749,9369.309,1730,Case
300769,4,51817441,63648599,11831.159,2154,Case
51106,4,51817441,63784448,11967.008,2172,Case
577094,4,51817441,65300731,13483.291,2387,Case
579632,4,51817441,65734601,13917.161,2490,Case
111910,4,51817441,65734601,13917.161,2490,Case
111947,4,51817441,66880571,15063.131,2655,Case
287894,4,51817441,68210494,16393.054,2877,Case
268715,4,51817441,68390234,16572.794,2905,Case
132245,4,51817441,68500812,16683.372,2928,Case
132252,4,51817441,68535454,16718.014,2929,Case
(… many identical rows for same region …),4,51817441,68535454,16718.014,2929,Case
